77 Total Games Played,,,
Champion,Bans,Picks,Wins
Nidalee,66,11,8
Syndra,59,16,10
Olaf,23,36,18
Karma,16,42,19
Elise,21,29,10
Jhin,12,38,23
Caitlyn,15,34,16
Jayce,21,26,15
Ryze,27,19,10
Lee Sin,8,37,21
Rumble,9,32,16
Ezreal,7,32,11
Poppy,9,29,14
Kennen,14,23,12
Rek'Sai,17,18,8
Aurelion Sol,20,12,8
Sivir,11,20,10
Gnar,12,18,7
Viktor,6,23,13
Cassiopeia,6,22,8
Alistar,5,23,15
Vladimir,12,15,7
Zyra,5,22,14
Nami,2,24,10
Tahm Kench,12,11,6
Bard,5,12,3
Braum,0,16,6
Ashe,4,11,7
Lucian,1,14,8
Malzahar,3,11,5
Orianna,0,13,5
Trundle,1,11,6
Ekko,1,10,5
Brand,8,1,1
Varus,3,5,3
Zac,4,4,2
Miss Fortune,4,3,3
Graves,0,7,3
Skarner,0,6,4
Irelia,1,5,3
Twisted Fate,5,1,0
Jinx,0,5,2
Kassadin,4,0,0
Zilean,0,4,1
Lissandra,0,3,2
Soraka,1,2,1
Hecarim,0,3,2
Shen,1,1,0
Maokai,0,2,1
Anivia,1,1,1
Kha'Zix,0,1,0
Nautilus,0,1,0
Nocturne,0,1,1
Kled,0,1,0
Taric,0,1,1
